<?xml version="1.0" encoding="UTF-8"?>
<beans xmlns="http://www.springframework.org/schema/beans"
	xmlns:xsi="http://www.w3.org/2001/XMLSchema-instance"
	xsi:schemaLocation="http://www.springframework.org/schema/beans http://www.springframework.org/schema/beans/spring-beans.xsd">
	
	<!-- Root Context: defines shared resources visible to all other web components -->
		<bean scope="request" class="com.me.neubb.dao.UserDAO" name="userDao"></bean>
		<bean  class="com.me.neubb.dao.CourseDAO"  name="courseDao"></bean>
		<bean class="com.me.neubb.dao.JobDAO" name="jobDao" ></bean>
		<bean class="com.me.neubb.dao.WorkDAO" name="workDao" ></bean>
		<bean id="fileValidator" class="com.me.neubb.validator.FileValidator"/>
		<bean class="com.me.neubb.validator.CourseValidator" id="courseValidator"/>
		<bean id="workValidator" class="com.me.neubb.validator.WorkValidator"/>
</beans>
