{"contacts":[{"firstname":"KRISH JAIN","lastname":"STUDENT","email":"alpapravin24@gmail.com","street":"75 saint alphonsus street","city":"BOSTON","state":"MA","zipcode":"02120","phone":"5123647777","dob":"08/04/1994"},{"firstname":"YUSUF","lastname":"PROF","email":"krishpjain@gmail.com","street":"NEU","city":"BOSTON","state":"MA","zipcode":"02215","phone":"5123647982","dob":"08/09/1970"},{"firstname":"NORTHEASTERN","lastname":"NUPD","email":"alpapravinjain@gmail.com","street":"NEU","city":"BOSTON","state":"MA","zipcode":"02215","phone":"6176663498","dob":"11/11/2000"}]}